{"Episode": 1575, "Max Reward": 2.600000038743019, "Moving Average": 0.5124000076577068, "_timestamp": 1700998184.5499983, "_runtime": 1300.5030522346497, "_step": 138238, "agent_0_critic_loss": 0.005033786874264479, "agent_0_actor_loss": -0.05575904622673988, "iteration": 68331, "agent_1_critic_loss": 0.01042855717241764, "agent_1_actor_loss": -0.05634511262178421, "_wandb": {"runtime": 1299}}