{"Episode": 1717, "Max Reward": 1.9000000283122063, "Moving Average": 0.5065000075660646, "_timestamp": 1700968106.7788692, "_runtime": 891.3435251712799, "_step": 116916, "agent_0_critic_loss": 0.02192981168627739, "agent_0_actor_loss": -0.0480969175696373, "iteration": 57599, "agent_1_critic_loss": 0.014867380261421204, "agent_1_actor_loss": -0.04532232880592346, "_wandb": {"runtime": 890}}