{"Episode": 18, "Max Reward": 0.0, "Moving Average": 0.0, "_timestamp": 1700967080.7411702, "_runtime": 7.627302169799805, "_step": 17, "_wandb": {"runtime": 24}}