{"Episode": 18, "Max Reward": 0.0, "Moving Average": 0.0, "_timestamp": 1700966903.3165252, "_runtime": 11.640498161315918, "_step": 17, "_wandb": {"runtime": 172}}